{
  "norm_stats": {
    "state": {
      "mean": [
        0.17214202880859375,
        -0.04315253347158432,
        0.005924350116401911,
        -2.0041840076446533,
        -0.003189429175108671,
        2.03670597076416,
        -0.02719917520880699,
        0.023719677701592445
      ],
      "std": [
        0.5639264583587646,
        0.6065192222595215,
        0.46628811955451965,
        0.6088395118713379,
        0.29305484890937805,
        0.3701925575733185,
        1.49069082736969,
        0.015951745212078094
      ],
      "q01": [
        -1.8631560328006744,
        -1.33619998421669,
        -1.5757936347961425,
        -2.8704842762947083,
        -0.9689389796257017,
        1.086932157564163,
        -2.60334807305336,
        0.003402575602941215
      ],
      "q99": [
        1.5401984398365025,
        1.25830491976738,
        1.7120241868972776,
        -0.47320530601143806,
        1.0879448795318605,
        2.714102749156952,
        2.8173455912113194,
        0.03999245480094105
      ]
    },
    "actions": {
      "mean": [
        0.014031284488737583,
        0.0412592850625515,
        0.0013387864455580711,
        0.031602319329977036,
        0.0008849793230183423,
        0.001953320112079382,
        -0.012247590348124504,
        -0.1655585616827011
      ],
      "std": [
        0.05632639676332474,
        0.08803130686283112,
        0.04062943533062935,
        0.07756195962429047,
        0.02978387288749218,
        0.06627242267131805,
        0.11538831144571304,
        0.9861999750137329
      ],
      "q01": [
        -0.10978650534152984,
        -0.13084823095798492,
        -0.1434310835599899,
        -0.15271534156799316,
        -0.0860965744256974,
        -0.2178145363807678,
        -0.4239934269428253,
        -1.0
      ],
      "q99": [
        0.2396342408895492,
        0.3649915231466294,
        0.13062828540802007,
        0.31932122445106514,
        0.11180670195817943,
        0.1760154511928559,
        0.2920894020318985,
        0.9996
      ]
    }
  }
}