{
  "norm_stats": {
    "state": {
      "mean": [
        -0.13264170289039612,
        -0.00895479042083025,
        0.06967335194349289,
        -2.2299208641052246,
        -0.022400064393877983,
        2.187394857406616,
        -0.6010878086090088,
        0.0329759307205677
      ],
      "std": [
        0.8684555888175964,
        0.6340487003326416,
        0.8447784185409546,
        0.3672401010990143,
        0.46755456924438477,
        0.431162565946579,
        1.5701899528503418,
        0.007253110874444246
      ],
      "q01": [
        -2.659206967353821,
        -1.7395466009378433,
        -2.2370249128341673,
        -3.0052688422441483,
        -1.2096770757675173,
        0.7859558494538069,
        -2.8938420662879945,
        0.016189021066653368
      ],
      "q99": [
        2.09675221157074,
        1.5190120748281477,
        2.367427315711975,
        -1.139816654253006,
        1.313138845658302,
        2.8835376100897787,
        2.8868737368583677,
        0.03999202222886525
      ]
    },
    "actions": {
      "mean": [
        -0.0007794623961672187,
        0.0043289633467793465,
        0.00015367180458270013,
        0.0037938333116471767,
        -0.0005109968478791416,
        -0.0026529200840741396,
        -0.007869473658502102,
        -0.5220036506652832
      ],
      "std": [
        0.0658910721540451,
        0.07028023898601532,
        0.06462925672531128,
        0.03709710016846657,
        0.058683935552835464,
        0.05159212648868561,
        0.10175212472677231,
        0.8529432415962219
      ],
      "q01": [
        -0.21710956773757928,
        -0.17752637169361118,
        -0.20762844185829166,
        -0.08721871051788332,
        -0.16901204299926742,
        -0.17383247251510614,
        -0.3853167354583742,
        -1.0
      ],
      "q99": [
        0.20357361865043644,
        0.23918636245727543,
        0.20478318529129025,
        0.1391967624187469,
        0.16482337884902964,
        0.1318404623031617,
        0.29196239948272695,
        0.9996
      ]
    }
  }
}