{
  "norm_stats": {
    "state": {
      "mean": [
        -0.2619604766368866,
        0.4016742408275604,
        -0.0009194707963615656,
        -1.9278215169906616,
        0.2206166833639145,
        1.4519071578979492,
        0.3030494153499603,
        0.03798791393637657
      ],
      "std": [
        1.1418085098266602,
        0.9290923476219177,
        0.9398148655891418,
        0.5777650475502014,
        0.9435615539550781,
        0.538780689239502,
        1.9448297023773193,
        0.004277852829545736
      ],
      "q01": [
        -2.6091323596954346,
        -1.7099184346199037,
        -2.2671913375854493,
        -2.996827428229153,
        -2.172589081764221,
        0.4685693628907204,
        -2.891505150318146,
        0.024079738484136762
      ],
      "q99": [
        2.52881444568634,
        1.722624252986908,
        1.919601753234863,
        -0.6534104075431824,
        2.6576915689945224,
        3.1293650237888095,
        2.8903629163742064,
        0.03999372387509793
      ]
    },
    "actions": {
      "mean": [
        0.0005239764577709138,
        0.018053719773888588,
        0.0042086271569132805,
        0.005517246667295694,
        0.0034134022425860167,
        -0.002895995508879423,
        -0.013663839548826218,
        0.5158647894859314
      ],
      "std": [
        0.08699454367160797,
        0.10247693955898285,
        0.0784633457660675,
        0.0786074548959732,
        0.10181524604558945,
        0.07404649257659912,
        0.1363850086927414,
        0.8566700220108032
      ],
      "q01": [
        -0.24016672518253324,
        -0.21240509343147274,
        -0.220722983121872,
        -0.21578637214899066,
        -0.3282425159454345,
        -0.20891756296157848,
        -0.4487995607852937,
        -1.0
      ],
      "q99": [
        0.2546429804801942,
        0.4264481039047241,
        0.23655532538890833,
        0.27739173448085785,
        0.3400491771698,
        0.20597751092910754,
        0.4123064038753508,
        0.9996
      ]
    }
  }
}