{
  "norm_stats": {
    "state": {
      "mean": [
        -0.011922516860067844,
        0.06862201541662216,
        0.07693218439817429,
        -2.1388683319091797,
        0.184354767203331,
        2.1362407207489014,
        0.2516959607601166,
        0.03445277363061905
      ],
      "std": [
        0.6963195204734802,
        0.6233822107315063,
        0.6953731179237366,
        0.47350040078163147,
        0.7009690999984741,
        0.4289294481277466,
        1.1332429647445679,
        0.008696459233760834
      ],
      "q01": [
        -2.1848742701530455,
        -1.5982200956821442,
        -2.034214662981033,
        -2.9886472085118294,
        -2.0266640955924986,
        1.1858497724950314,
        -2.6352650725841524,
        0.009352017085067929
      ],
      "q99": [
        2.0706827135086057,
        1.278636571264267,
        2.1159338128566736,
        -0.7757434922456743,
        2.464296378517151,
        3.400774130403996,
        2.726985962915421,
        0.0399928799463436
      ]
    },
    "actions": {
      "mean": [
        0.002963752020150423,
        0.015382441692054272,
        0.0035803597420454025,
        0.011058250442147255,
        0.002821702742949128,
        0.0008901439723558724,
        -0.0010391101241111755,
        -0.1782609522342682
      ],
      "std": [
        0.05732865259051323,
        0.08450796455144882,
        0.05971115455031395,
        0.060348037630319595,
        0.06596314907073975,
        0.05544862523674965,
        0.08793794363737106,
        0.9839832782745361
      ],
      "q01": [
        -0.16787224164009096,
        -0.19070739078521737,
        -0.18170823633670807,
        -0.14462049038410185,
        -0.21118474569320678,
        -0.17819561376571658,
        -0.3468091597557068,
        -1.0
      ],
      "q99": [
        0.17403225512504572,
        0.3781058335781098,
        0.18870985269546514,
        0.2433335355997086,
        0.22519501123428354,
        0.15133851156234734,
        0.2555987680435181,
        0.9996
      ]
    }
  }
}