{
  "norm_stats": {
    "state": {
      "mean": [
        0.24084794521331787,
        0.13306494057178497,
        -0.022522684186697006,
        -2.0133986473083496,
        -0.20961111783981323,
        1.9411362409591675,
        -0.23437494039535522,
        0.036514539271593094
      ],
      "std": [
        0.436002254486084,
        0.5581297874450684,
        0.42530664801597595,
        0.5616800785064697,
        0.4718950390815735,
        0.4551236927509308,
        1.175929307937622,
        0.006699016783386469
      ],
      "q01": [
        -0.8486385357379913,
        -1.1303038752317427,
        -1.3130803707122802,
        -2.957861699923873,
        -1.3331349873542786,
        0.9398961587905884,
        -2.3888563709259034,
        0.01089599975645542
      ],
      "q99": [
        1.2751266632080078,
        1.4709225597858429,
        1.0604187831878664,
        -0.5826359694451093,
        0.658250186443329,
        2.8382823791503906,
        2.4415440990447994,
        0.03999199910610914
      ]
    },
    "actions": {
      "mean": [
        0.0020180116407573223,
        0.005937410518527031,
        -0.0012668207054957747,
        0.0031042061746120453,
        -0.002693311544135213,
        -0.0012571930419653654,
        -0.006577048450708389,
        0.3099970519542694
      ],
      "std": [
        0.051640626043081284,
        0.07354424893856049,
        0.053510237485170364,
        0.06761452555656433,
        0.055125512182712555,
        0.059546276926994324,
        0.09826385974884033,
        0.9507375359535217
      ],
      "q01": [
        -0.14849515199661245,
        -0.2186157801151275,
        -0.16461498565673827,
        -0.24187236685752878,
        -0.20647737369537356,
        -0.1645706423759461,
        -0.38364891562461856,
        -1.0
      ],
      "q99": [
        0.15499014079570772,
        0.2618323893785477,
        0.15086372108459467,
        0.20961131196022031,
        0.16115183038711534,
        0.15911936898231516,
        0.31557932953834533,
        0.9996
      ]
    }
  }
}