{
  "norm_stats": {
    "state": {
      "mean": [
        0.10212361067533493,
        0.03255549818277359,
        -0.41454625129699707,
        -1.998015284538269,
        0.14554481208324432,
        2.0626211166381836,
        -0.1927216500043869,
        0.03333747386932373
      ],
      "std": [
        1.0047435760498047,
        0.6712310314178467,
        0.9467848539352417,
        0.4654529392719269,
        0.6454722881317139,
        0.37522944808006287,
        1.1838853359222412,
        0.0099787637591362
      ],
      "q01": [
        -2.4949183875083922,
        -1.724056851029396,
        -2.3150054741859436,
        -3.035215093284845,
        -1.4301583847999573,
        1.2483812401413918,
        -2.8847211067199705,
        0.006375999857485295
      ],
      "q99": [
        2.343361596488953,
        1.2514153199911116,
        1.942720888900757,
        -0.743381720364094,
        2.3549430208206177,
        3.6111108227252964,
        2.780323712730408,
        0.03999199910610914
      ]
    },
    "actions": {
      "mean": [
        0.0025211963802576065,
        0.0065508740954101086,
        -0.00021810163161717355,
        0.004900810308754444,
        0.0003049405640922487,
        0.00037488952511921525,
        -0.0018683894304558635,
        0.003957721404731274
      ],
      "std": [
        0.07549561560153961,
        0.07127583026885986,
        0.0739559531211853,
        0.047823112457990646,
        0.08854501694440842,
        0.07073644548654556,
        0.09788227826356888,
        0.9999921321868896
      ],
      "q01": [
        -0.19989256031513214,
        -0.1780142966270446,
        -0.21766593146324154,
        -0.12153879318237304,
        -0.24523295764923092,
        -0.18545461463928214,
        -0.3756863064289093,
        -1.0
      ],
      "q99": [
        0.21325149502754215,
        0.21104780616760266,
        0.20326832473278045,
        0.14053977470397938,
        0.24572869558334354,
        0.16533622026443484,
        0.2791990025043489,
        0.9996
      ]
    }
  }
}